,time,open,high,low,close,tick_volume,spread,real_volume
0,1673263260,1.21675,1.21691,1.2166,1.21684,76,5,0
1,1673263320,1.21684,1.21692,1.21662,1.21669,76,5,0
2,1673263380,1.21671,1.21671,1.21647,1.21648,58,5,0
3,1673263440,1.2165,1.21693,1.21635,1.21691,92,5,0
4,1673263500,1.2169,1.21725,1.2169,1.21696,130,5,0
5,1673263560,1.21695,1.21703,1.21661,1.21673,109,5,0
6,1673263620,1.21673,1.21676,1.21628,1.21656,100,5,0
7,1673263680,1.21655,1.21664,1.21635,1.2166,91,5,0
8,1673263740,1.21658,1.21669,1.2164,1.21665,124,5,0
9,1673263800,1.21666,1.21667,1.2163,1.2163,45,5,0
10,1673263860,1.2163,1.21634,1.21581,1.2160199999999999,96,5,0
11,1673263920,1.2160199999999999,1.21631,1.21585,1.21628,100,5,0
12,1673263980,1.21628,1.21666,1.21628,1.21644,107,4,0
13,1673264040,1.21644,1.21671,1.21632,1.21657,108,5,0
14,1673264100,1.21657,1.21682,1.21651,1.21654,110,5,0
15,1673264160,1.21654,1.21673,1.21645,1.21654,62,5,0
16,1673264220,1.21662,1.21705,1.21662,1.2169699999999999,144,5,0
17,1673264280,1.21699,1.21709,1.21696,1.21706,79,5,0
18,1673264340,1.21706,1.21708,1.21633,1.21639,125,5,0
19,1673264400,1.2164,1.2165,1.21606,1.21639,153,5,0
20,1673264460,1.21639,1.2164,1.21616,1.21624,58,5,0
21,1673264520,1.21627,1.21642,1.2162,1.21631,55,5,0
22,1673264580,1.21629,1.21651,1.21625,1.21631,66,5,0
23,1673264640,1.21631,1.21666,1.21631,1.21641,123,5,0
24,1673264700,1.2164,1.21672,1.21639,1.21671,93,5,0
25,1673264760,1.21671,1.2171,1.21664,1.217,88,5,0
26,1673264820,1.217,1.2174,1.2169699999999999,1.21715,108,5,0
27,1673264880,1.21715,1.21718,1.21692,1.21705,110,5,0
28,1673264940,1.21706,1.21715,1.21676,1.21695,146,5,0
29,1673265000,1.21695,1.217,1.21673,1.21678,93,5,0
30,1673265060,1.21678,1.21678,1.21646,1.21648,66,5,0
31,1673265120,1.21648,1.21659,1.21628,1.21649,78,5,0
32,1673265180,1.21649,1.21651,1.21607,1.21611,122,5,0
33,1673265240,1.21611,1.2162,1.21595,1.2161,118,5,0
34,1673265300,1.21613,1.21617,1.21579,1.21614,76,5,0
35,1673265360,1.21609,1.21609,1.21519,1.21528,121,5,0
36,1673265420,1.21529,1.21624,1.21529,1.21573,282,5,0
37,1673265480,1.21573,1.21577,1.21548,1.21558,93,5,0
38,1673265540,1.21557,1.21594,1.21557,1.21587,93,5,0
39,1673265600,1.21587,1.21595,1.21563,1.2157,87,5,0
40,1673265660,1.21569,1.21572,1.21548,1.21557,81,5,0
41,1673265720,1.2156,1.21596,1.21509,1.21509,141,5,0
42,1673265780,1.2151,1.21527,1.21495,1.21497,107,5,0
43,1673265840,1.21497,1.21542,1.21496,1.21538,112,5,0
44,1673265900,1.21538,1.21568,1.21519,1.21527,110,5,0
45,1673265960,1.21527,1.21569,1.21524,1.21559,86,5,0
46,1673266020,1.21559,1.21566,1.21546,1.21554,94,5,0
47,1673266080,1.21556,1.21572,1.21527,1.21544,104,5,0
48,1673266140,1.21537,1.21539,1.21509,1.21529,91,5,0
49,1673266200,1.21527,1.21555,1.21521,1.21545,122,5,0
50,1673266260,1.21545,1.21559,1.21505,1.21515,130,5,0
51,1673266320,1.21516,1.2153,1.2150400000000001,1.21513,121,5,0
52,1673266380,1.21512,1.21529,1.21493,1.215,89,5,0
53,1673266440,1.215,1.21506,1.21465,1.21466,134,5,0
54,1673266500,1.21466,1.21479,1.21442,1.21446,146,5,0
55,1673266560,1.21446,1.21475,1.21446,1.21468,94,5,0
56,1673266620,1.21468,1.21468,1.21399,1.21437,133,5,0
57,1673266680,1.21436,1.21442,1.21416,1.21435,83,5,0
58,1673266740,1.21435,1.21438,1.21415,1.21426,103,5,0
59,1673266800,1.21426,1.21441,1.21386,1.21394,98,5,0
60,1673266860,1.21396,1.21406,1.21367,1.21406,109,5,0
61,1673266920,1.21408,1.2140900000000001,1.2138200000000001,1.21389,75,5,0
62,1673266980,1.2139,1.2139,1.21365,1.2137,59,5,0
63,1673267040,1.2137,1.21389,1.21367,1.21388,27,5,0
64,1673267100,1.21388,1.21388,1.2136,1.21376,57,5,0
65,1673267160,1.21377,1.21394,1.21373,1.21373,26,5,0
66,1673267220,1.2137,1.2137,1.21352,1.21357,61,5,0
67,1673267280,1.21357,1.21364,1.21354,1.21364,38,5,0
68,1673267340,1.2136,1.2136,1.21314,1.21341,71,5,0
69,1673267400,1.21341,1.21377,1.21339,1.21375,51,5,0
70,1673267460,1.21375,1.21376,1.21351,1.21367,114,5,0
71,1673267520,1.21369,1.21369,1.21313,1.21314,86,5,0
72,1673267580,1.21314,1.21324,1.21309,1.2132,44,5,0
73,1673267640,1.2132,1.21325,1.21284,1.21284,72,5,0
74,1673267700,1.21285,1.21296,1.21254,1.21254,96,5,0
75,1673267760,1.21257,1.21259,1.21187,1.21228,162,5,0
76,1673267820,1.21228,1.21228,1.21177,1.21181,106,5,0
77,1673267880,1.2118,1.21237,1.21176,1.21193,132,5,0
78,1673267940,1.2119900000000001,1.2119900000000001,1.21172,1.21192,76,5,0
79,1673268000,1.21191,1.21241,1.21184,1.21227,95,5,0
80,1673268060,1.21227,1.2126000000000001,1.21227,1.21257,67,5,0
81,1673268120,1.21257,1.21301,1.21244,1.213,71,5,0
82,1673268180,1.2129699999999999,1.2133099999999999,1.21284,1.2133,82,5,0
83,1673268240,1.21327,1.21333,1.21275,1.21285,136,5,0
84,1673268300,1.21286,1.21289,1.2123599999999999,1.21237,66,5,0
85,1673268360,1.21237,1.21264,1.21228,1.2123,91,5,0
86,1673268420,1.2123,1.21251,1.21215,1.21249,73,5,0
87,1673268480,1.21249,1.21262,1.2124,1.21246,60,5,0
88,1673268540,1.21246,1.21255,1.21217,1.21217,52,5,0
89,1673268600,1.21217,1.21221,1.21193,1.21221,90,5,0
90,1673268660,1.2122,1.2124,1.2122,1.21232,66,5,0
91,1673268720,1.21231,1.21233,1.21158,1.21168,84,5,0
92,1673268780,1.21168,1.21205,1.21168,1.21194,96,5,0
93,1673268840,1.21194,1.21205,1.21167,1.21197,129,5,0
94,1673268900,1.21196,1.21196,1.2113800000000001,1.21148,99,5,0
95,1673268960,1.2115,1.21164,1.21129,1.2114099999999999,105,5,0
96,1673269020,1.21144,1.21147,1.2112,1.21129,84,5,0
97,1673269080,1.21128,1.2115,1.21128,1.2115,103,5,0
98,1673269140,1.2115,1.21151,1.2112,1.2114,80,5,0
99,1673269200,1.21144,1.2120199999999999,1.21131,1.2120199999999999,124,5,0
100,1673269260,1.2120199999999999,1.21238,1.2120199999999999,1.21219,129,5,0
101,1673269320,1.21219,1.21229,1.21185,1.21185,93,5,0
102,1673269380,1.21183,1.21194,1.21167,1.21167,60,5,0
103,1673269440,1.21169,1.2127,1.21169,1.21267,165,5,0
104,1673269500,1.21267,1.21267,1.21223,1.21229,145,5,0
105,1673269560,1.2123599999999999,1.2123599999999999,1.212,1.21218,84,5,0
106,1673269620,1.21218,1.21219,1.21187,1.21211,123,5,0
107,1673269680,1.21212,1.21296,1.21209,1.21295,101,3,0
108,1673269740,1.2129699999999999,1.21308,1.21271,1.2128700000000001,112,5,0
109,1673269800,1.2128700000000001,1.21296,1.21268,1.21269,80,5,0
110,1673269860,1.21271,1.21282,1.21262,1.2127,71,5,0
111,1673269920,1.2127,1.21294,1.21259,1.2128,118,5,0
112,1673269980,1.21282,1.213,1.21282,1.21299,81,5,0
113,1673270040,1.213,1.21312,1.2128,1.21309,78,5,0
114,1673270100,1.21304,1.21322,1.21302,1.2132100000000001,67,5,0
115,1673270160,1.2132100000000001,1.21341,1.21307,1.21309,64,5,0
116,1673270220,1.21309,1.21309,1.21252,1.21266,85,5,0
117,1673270280,1.21266,1.21279,1.21244,1.21245,92,5,0
118,1673270340,1.21247,1.21284,1.21238,1.21277,81,5,0
119,1673270400,1.21277,1.21281,1.21235,1.21277,96,5,0
120,1673270460,1.21279,1.2132100000000001,1.21276,1.2129,64,5,0
121,1673270520,1.2129,1.2133,1.2129,1.21326,68,5,0
122,1673270580,1.21324,1.2133,1.21305,1.21325,65,5,0
123,1673270640,1.21325,1.21341,1.21308,1.21316,95,5,0
124,1673270700,1.21316,1.21328,1.21308,1.2132100000000001,47,5,0
125,1673270760,1.2132100000000001,1.21353,1.21314,1.21342,77,5,0
126,1673270820,1.21343,1.21371,1.21328,1.2136,61,5,0
127,1673270880,1.21359,1.2139,1.2134800000000001,1.21367,86,5,0
128,1673270940,1.21367,1.2142,1.21351,1.21403,91,5,0
129,1673271000,1.21404,1.21408,1.21338,1.21338,95,5,0
130,1673271060,1.21335,1.21349,1.21318,1.2133,57,5,0
131,1673271120,1.2133,1.21369,1.2133,1.21366,80,5,0
132,1673271180,1.21362,1.21371,1.21347,1.21367,76,5,0
133,1673271240,1.21367,1.2137,1.21346,1.2137,62,5,0
134,1673271300,1.21371,1.21371,1.21354,1.21354,71,5,0
135,1673271360,1.21351,1.21352,1.21318,1.21328,100,5,0
136,1673271420,1.21328,1.21368,1.21326,1.2136,65,5,0
137,1673271480,1.21362,1.21366,1.21338,1.2135799999999999,46,5,0
138,1673271540,1.2135799999999999,1.2136,1.21294,1.2129699999999999,73,5,0
139,1673271600,1.21298,1.2138200000000001,1.21298,1.21366,86,5,0
140,1673271660,1.21366,1.21384,1.21356,1.21357,74,5,0
141,1673271720,1.21357,1.2139,1.2134800000000001,1.21375,54,5,0
142,1673271780,1.21373,1.21395,1.21356,1.21395,60,5,0
143,1673271840,1.21395,1.21418,1.21379,1.21407,81,5,0
144,1673271900,1.21406,1.2140900000000001,1.2139,1.21406,77,5,0
145,1673271960,1.21405,1.21405,1.21374,1.21386,47,5,0
146,1673272020,1.21387,1.21424,1.21386,1.21423,79,5,0
147,1673272080,1.21423,1.21445,1.2141,1.21418,88,3,0
148,1673272140,1.21418,1.21431,1.2140900000000001,1.2143,72,5,0
149,1673272200,1.2143,1.21442,1.21423,1.21428,68,5,0
150,1673272260,1.21427,1.21432,1.2141899999999999,1.21427,61,5,0
151,1673272320,1.21429,1.21442,1.21413,1.21436,111,5,0
152,1673272380,1.21438,1.21447,1.21415,1.21423,73,5,0
153,1673272440,1.21423,1.21444,1.21423,1.21439,49,5,0
154,1673272500,1.21439,1.21439,1.21425,1.21429,66,5,0
155,1673272560,1.21429,1.21435,1.21416,1.21417,62,5,0
156,1673272620,1.21417,1.21444,1.21415,1.21436,57,5,0
157,1673272680,1.21436,1.21444,1.21426,1.21432,82,5,0
158,1673272740,1.21432,1.2144300000000001,1.2143,1.2144,69,5,0
159,1673272800,1.21439,1.21444,1.2139199999999999,1.21396,75,5,0
160,1673272860,1.214,1.2143,1.21395,1.21429,90,5,0
161,1673272920,1.21429,1.2143,1.21366,1.21372,98,5,0
162,1673272980,1.21375,1.21406,1.21374,1.21396,88,5,0
163,1673273040,1.21397,1.21428,1.21396,1.21415,86,5,0
164,1673273100,1.21413,1.21432,1.21404,1.21428,65,5,0
165,1673273160,1.21428,1.21431,1.21415,1.2143,52,5,0
166,1673273220,1.2143,1.2144,1.21422,1.21429,41,5,0
167,1673273280,1.21429,1.21441,1.21413,1.21441,47,5,0
168,1673273340,1.21441,1.21442,1.21414,1.21417,59,5,0
169,1673273400,1.21417,1.21444,1.21402,1.21435,97,5,0
170,1673273460,1.21435,1.21447,1.21395,1.21397,76,5,0
171,1673273520,1.21397,1.21425,1.21372,1.21383,102,5,0
172,1673273580,1.21383,1.2140900000000001,1.21378,1.21398,97,5,0
173,1673273640,1.214,1.214,1.21359,1.21365,70,5,0
174,1673273700,1.21367,1.2137,1.2135,1.21357,86,5,0
175,1673273760,1.21357,1.21357,1.21307,1.21308,130,3,0
176,1673273820,1.21309,1.21356,1.21309,1.2135,74,5,0
177,1673273880,1.2135,1.21352,1.21329,1.21337,59,5,0
178,1673273940,1.21337,1.21362,1.21333,1.21362,48,5,0
179,1673274000,1.21366,1.21385,1.2134,1.21383,140,5,0
180,1673274060,1.21383,1.21398,1.21366,1.21398,114,5,0
181,1673274120,1.21397,1.21418,1.21378,1.21418,113,5,0
182,1673274180,1.21418,1.2144300000000001,1.21397,1.21398,71,5,0
183,1673274240,1.21398,1.21411,1.21394,1.21405,52,5,0
184,1673274300,1.21406,1.2144300000000001,1.21406,1.21438,91,5,0
185,1673274360,1.21439,1.2144300000000001,1.21425,1.21439,93,5,0
186,1673274420,1.21439,1.21447,1.21408,1.2141,73,5,0
187,1673274480,1.2141,1.2141899999999999,1.214,1.21415,64,5,0
188,1673274540,1.21415,1.21445,1.21414,1.21429,77,5,0
189,1673274600,1.21429,1.21444,1.21413,1.21433,83,5,0
190,1673274660,1.21432,1.21442,1.2141899999999999,1.2144,56,5,0
191,1673274720,1.2144,1.21446,1.21435,1.2144,39,5,0
192,1673274780,1.2144,1.21449,1.21439,1.2144300000000001,93,5,0
193,1673274840,1.21442,1.21445,1.21437,1.21442,44,5,0
194,1673274900,1.21442,1.21445,1.21433,1.21441,38,5,0
195,1673274960,1.2144,1.21444,1.21423,1.21439,54,5,0
196,1673275020,1.21438,1.21444,1.21432,1.21432,26,5,0
197,1673275080,1.21432,1.2144300000000001,1.21429,1.21439,45,5,0
198,1673275140,1.2144,1.21442,1.21426,1.2144,44,5,0
199,1673275200,1.2144,1.21442,1.21423,1.21423,29,5,0
200,1673275260,1.21418,1.21418,1.21395,1.214,68,5,0
201,1673275320,1.21399,1.21399,1.2137,1.21374,65,5,0
202,1673275380,1.21371,1.21407,1.21369,1.21406,68,5,0
203,1673275440,1.21406,1.21431,1.21405,1.21418,93,5,0
204,1673275500,1.21417,1.21418,1.21398,1.21413,65,5,0
205,1673275560,1.21415,1.21445,1.21413,1.2144,62,5,0
206,1673275620,1.21439,1.21444,1.21426,1.2143,53,5,0
207,1673275680,1.2143,1.21441,1.21428,1.21431,45,5,0
208,1673275740,1.21433,1.21437,1.21418,1.21422,43,5,0
209,1673275800,1.21421,1.21425,1.21352,1.21361,83,5,0
210,1673275860,1.21361,1.2138200000000001,1.21349,1.21352,78,5,0
211,1673275920,1.21352,1.21356,1.21333,1.21346,80,5,0
212,1673275980,1.21347,1.21373,1.21336,1.21338,119,5,0
213,1673276040,1.21338,1.21342,1.21327,1.21337,68,5,0
214,1673276100,1.21338,1.21363,1.21329,1.21362,99,5,0
215,1673276160,1.21362,1.21391,1.21353,1.21368,127,5,0
216,1673276220,1.21368,1.21396,1.21338,1.21338,123,5,0
217,1673276280,1.21338,1.21367,1.21329,1.21367,130,5,0
218,1673276340,1.21367,1.21404,1.21367,1.21385,113,5,0
219,1673276400,1.21389,1.2143,1.21377,1.21393,176,5,0
220,1673276460,1.21394,1.21402,1.21359,1.2137,144,4,0
221,1673276520,1.21371,1.21401,1.21367,1.21401,96,5,0
222,1673276580,1.21399,1.21441,1.21399,1.2142,109,5,0
223,1673276640,1.2142,1.21427,1.21371,1.21371,110,5,0
224,1673276700,1.21371,1.21393,1.21366,1.21387,126,5,0
225,1673276760,1.21387,1.21418,1.21387,1.21401,87,5,0
226,1673276820,1.214,1.21442,1.21399,1.21418,100,5,0
227,1673276880,1.21418,1.21445,1.21418,1.21437,89,5,0
228,1673276940,1.21437,1.21449,1.2143,1.21447,72,5,0
229,1673277000,1.21447,1.21498,1.21447,1.21487,63,5,0
230,1673277060,1.21484,1.21513,1.21484,1.21501,104,5,0
231,1673277120,1.21502,1.2153,1.21498,1.21517,100,5,0
232,1673277180,1.21512,1.2154,1.21511,1.2153,92,5,0
233,1673277240,1.2153,1.2153,1.21473,1.21486,108,5,0
234,1673277300,1.21484,1.21528,1.21473,1.21524,110,5,0
235,1673277360,1.21523,1.21569,1.21518,1.21557,181,5,0
236,1673277420,1.21557,1.21566,1.21542,1.21564,120,5,0
237,1673277480,1.21563,1.21601,1.2155,1.21584,121,5,0
238,1673277540,1.21582,1.2159200000000001,1.21571,1.21577,117,5,0
239,1673277600,1.2157499999999999,1.21589,1.2155,1.21561,142,5,0
240,1673277660,1.21559,1.21581,1.21554,1.21576,134,5,0
241,1673277720,1.21577,1.21679,1.21574,1.2165300000000001,184,5,0
242,1673277780,1.2165300000000001,1.21667,1.21645,1.21656,125,5,0
243,1673277840,1.21658,1.21694,1.21655,1.21677,159,5,0
244,1673277900,1.21678,1.21731,1.21675,1.21729,122,5,0
245,1673277960,1.21729,1.21791,1.21727,1.21771,153,5,0
246,1673278020,1.21771,1.21789,1.21753,1.21769,165,5,0
247,1673278080,1.21767,1.21768,1.21704,1.21731,169,5,0
248,1673278140,1.21732,1.21776,1.21728,1.21775,151,5,0
249,1673278200,1.21775,1.21779,1.21769,1.21776,85,5,0
250,1673278260,1.21776,1.21792,1.2177,1.2178200000000001,115,5,0
251,1673278320,1.21781,1.21875,1.21779,1.2184300000000001,164,5,0
252,1673278380,1.2184300000000001,1.21881,1.21834,1.21866,110,5,0
253,1673278440,1.21866,1.21866,1.21805,1.21805,160,5,0
254,1673278500,1.21803,1.2181899999999999,1.21791,1.21801,130,5,0
255,1673278560,1.218,1.21808,1.2178200000000001,1.218,95,5,0
256,1673278620,1.218,1.21812,1.21752,1.21757,87,5,0
257,1673278680,1.21752,1.21759,1.21719,1.2172,85,5,0
258,1673278740,1.21718,1.21718,1.21683,1.21694,123,5,0
259,1673278800,1.21692,1.21749,1.21692,1.21718,194,5,0
260,1673278860,1.21718,1.21738,1.21712,1.2172,126,5,0
261,1673278920,1.21721,1.21736,1.21682,1.21691,154,5,0
262,1673278980,1.21696,1.21701,1.21638,1.2166,164,5,0
263,1673279040,1.21661,1.21669,1.21617,1.21647,138,5,0
264,1673279100,1.21647,1.21705,1.21645,1.21696,107,5,0
265,1673279160,1.21696,1.21706,1.21681,1.21685,82,5,0
266,1673279220,1.21686,1.21738,1.21683,1.21718,130,5,0
267,1673279280,1.21718,1.21742,1.21698,1.21731,158,5,0
268,1673279340,1.21731,1.21732,1.21683,1.2168700000000001,122,5,0
269,1673279400,1.21691,1.21712,1.21684,1.21696,89,5,0
270,1673279460,1.21696,1.21702,1.21641,1.21641,107,5,0
271,1673279520,1.21639,1.21661,1.21623,1.21659,108,5,0
272,1673279580,1.21659,1.21662,1.21631,1.21642,120,5,0
273,1673279640,1.21642,1.21689,1.21638,1.2168700000000001,145,5,0
274,1673279700,1.21686,1.21734,1.21679,1.21729,159,5,0
275,1673279760,1.21729,1.21731,1.21689,1.2169,130,5,0
276,1673279820,1.2169,1.21701,1.21664,1.21701,126,5,0
277,1673279880,1.21701,1.21718,1.21668,1.21676,183,5,0
278,1673279940,1.21675,1.21692,1.21662,1.21682,141,5,0
279,1673280000,1.21682,1.21735,1.21672,1.21685,189,5,0
280,1673280060,1.21686,1.21703,1.21666,1.2168,156,5,0
281,1673280120,1.21677,1.21732,1.21672,1.21732,117,5,0
282,1673280180,1.21727,1.21768,1.21692,1.21718,197,5,0
283,1673280240,1.21717,1.21719,1.21688,1.21713,153,5,0
284,1673280300,1.21711,1.21736,1.21694,1.21728,147,5,0
285,1673280360,1.21729,1.21741,1.21719,1.21741,152,5,0
286,1673280420,1.2174,1.21763,1.21712,1.21713,117,4,0
287,1673280480,1.21712,1.21714,1.21674,1.21695,168,5,0
288,1673280540,1.21695,1.21721,1.2168700000000001,1.21719,115,5,0
289,1673280600,1.21719,1.21761,1.21719,1.21735,107,5,0
290,1673280660,1.21734,1.21743,1.2169,1.21703,139,5,0
291,1673280720,1.21704,1.21715,1.21656,1.21678,129,5,0
292,1673280780,1.21678,1.21689,1.2165300000000001,1.21661,94,5,0
293,1673280840,1.2166,1.21681,1.2165,1.21676,113,5,0
294,1673280900,1.21678,1.21678,1.21606,1.21639,155,5,0
295,1673280960,1.21639,1.21659,1.21633,1.21649,100,5,0
296,1673281020,1.21649,1.21666,1.21628,1.21655,95,5,0
297,1673281080,1.21655,1.21676,1.21645,1.21645,131,5,0
298,1673281140,1.21645,1.21645,1.21613,1.21616,95,5,0
299,1673281200,1.21614,1.21634,1.2161,1.21628,74,5,0
300,1673281260,1.21629,1.2166299999999999,1.21627,1.21637,98,5,0
301,1673281320,1.21639,1.21669,1.21623,1.21662,132,5,0
302,1673281380,1.21662,1.2168700000000001,1.21647,1.21675,141,5,0
303,1673281440,1.21675,1.21679,1.21654,1.21658,121,5,0
304,1673281500,1.21658,1.21662,1.21616,1.2162600000000001,125,5,0
305,1673281560,1.21625,1.21628,1.21608,1.21608,84,5,0
306,1673281620,1.21608,1.21657,1.21607,1.21654,115,5,0
307,1673281680,1.21654,1.21668,1.21635,1.21661,138,5,0
308,1673281740,1.21661,1.21689,1.21639,1.21681,135,5,0
309,1673281800,1.21681,1.21692,1.21611,1.21633,234,5,0
310,1673281860,1.21633,1.21704,1.21615,1.21699,229,5,0
311,1673281920,1.21701,1.21718,1.21664,1.2171,255,5,0
312,1673281980,1.2171,1.21719,1.21648,1.21666,186,5,0
313,1673282040,1.21662,1.21694,1.21629,1.2168700000000001,150,5,0
314,1673282100,1.2168700000000001,1.21721,1.21666,1.2167,174,5,0
315,1673282160,1.21668,1.21684,1.21657,1.21677,174,5,0
316,1673282220,1.21676,1.217,1.21661,1.21661,144,5,0
317,1673282280,1.21659,1.21709,1.21658,1.21686,160,5,0
318,1673282340,1.2168700000000001,1.21707,1.2167,1.2169,150,5,0
319,1673282400,1.2169,1.21763,1.21685,1.21729,171,5,0
320,1673282460,1.2173,1.21759,1.21717,1.21727,129,5,0
321,1673282520,1.21718,1.21733,1.21659,1.21664,148,5,0
322,1673282580,1.21664,1.21665,1.21609,1.21618,133,5,0
323,1673282640,1.21615,1.21658,1.21607,1.21631,168,5,0
324,1673282700,1.21633,1.21689,1.21633,1.21679,152,5,0
325,1673282760,1.21677,1.21749,1.21677,1.21736,201,5,0
326,1673282820,1.21737,1.21789,1.21732,1.21767,173,5,0
327,1673282880,1.21769,1.21852,1.21765,1.21817,263,3,0
328,1673282940,1.21817,1.21842,1.2179,1.21833,179,5,0
329,1673283000,1.21833,1.21873,1.2183,1.21858,163,5,0
330,1673283060,1.2186,1.21901,1.21852,1.219,187,5,0
331,1673283120,1.21901,1.21963,1.21883,1.21945,175,4,0
332,1673283180,1.21946,1.2195,1.21915,1.21915,185,5,0
333,1673283240,1.21917,1.2193100000000001,1.21891,1.2193,180,5,0
334,1673283300,1.2193,1.2193,1.21882,1.21925,195,4,0
335,1673283360,1.21923,1.2193100000000001,1.219,1.21909,168,5,0
336,1673283420,1.21909,1.21926,1.21899,1.21908,147,5,0
337,1673283480,1.21909,1.21922,1.21878,1.21884,111,5,0
338,1673283540,1.21884,1.21894,1.21868,1.21876,141,5,0
339,1673283600,1.21875,1.21913,1.2187000000000001,1.21902,183,5,0
340,1673283660,1.21902,1.21943,1.21902,1.21936,183,5,0
341,1673283720,1.21934,1.22013,1.21934,1.21978,213,4,0
342,1673283780,1.21976,1.21985,1.21911,1.21929,155,5,0
343,1673283840,1.21929,1.21947,1.21908,1.21922,157,4,0
344,1673283900,1.21922,1.21925,1.2187999999999999,1.21898,140,5,0
345,1673283960,1.21898,1.21939,1.21877,1.21937,140,5,0
346,1673284020,1.21938,1.2196,1.2190699999999999,1.2190699999999999,145,5,0
347,1673284080,1.21908,1.21908,1.21856,1.21865,129,5,0
348,1673284140,1.21861,1.21866,1.21839,1.2186,134,5,0
349,1673284200,1.21861,1.2187000000000001,1.21844,1.21854,134,5,0
350,1673284260,1.21854,1.21856,1.21834,1.21839,121,5,0
351,1673284320,1.21834,1.21837,1.21786,1.21786,108,5,0
352,1673284380,1.21786,1.21786,1.21699,1.21701,187,5,0
353,1673284440,1.21702,1.21773,1.21702,1.21767,158,5,0
354,1673284500,1.21767,1.2181899999999999,1.21763,1.21805,165,5,0
355,1673284560,1.21804,1.21889,1.21794,1.21888,210,5,0
356,1673284620,1.21887,1.21906,1.21853,1.21856,176,5,0
357,1673284680,1.21856,1.21879,1.21838,1.21877,141,5,0
358,1673284740,1.21877,1.21893,1.21875,1.2187999999999999,111,5,0
359,1673284800,1.2187999999999999,1.21911,1.21877,1.21888,138,5,0
360,1673284860,1.21888,1.21889,1.21824,1.21824,127,5,0
361,1673284920,1.21822,1.21837,1.21768,1.21779,140,5,0
362,1673284980,1.2178200000000001,1.21831,1.21778,1.2182,137,5,0
363,1673285040,1.21818,1.21836,1.218,1.21818,160,5,0
364,1673285100,1.2181899999999999,1.2182,1.21766,1.21799,111,5,0
365,1673285160,1.21799,1.21845,1.21797,1.21839,123,5,0
366,1673285220,1.2184,1.21876,1.21837,1.21853,148,5,0
367,1673285280,1.21854,1.2189,1.21853,1.21889,133,5,0
368,1673285340,1.2189,1.21912,1.21883,1.21899,138,5,0
369,1673285400,1.21899,1.21927,1.21871,1.21927,147,5,0
370,1673285460,1.21927,1.2202600000000001,1.2190699999999999,1.21957,216,5,0
371,1673285520,1.21958,1.21994,1.21943,1.21954,167,5,0
372,1673285580,1.21955,1.21987,1.21923,1.21952,198,5,0
373,1673285640,1.21955,1.22001,1.21947,1.22001,162,5,0
374,1673285700,1.22,1.22006,1.2194099999999999,1.2194099999999999,152,5,0
375,1673285760,1.21942,1.21987,1.2194,1.21982,197,5,0
376,1673285820,1.21982,1.22051,1.21939,1.22042,189,5,0
377,1673285880,1.22042,1.22062,1.2203,1.2206,113,5,0
378,1673285940,1.2206,1.22092,1.22042,1.22049,156,5,0
379,1673286000,1.2205,1.2209,1.22023,1.2204,151,5,0
380,1673286060,1.22045,1.22049,1.21994,1.22031,120,5,0
381,1673286120,1.22031,1.22045,1.22024,1.22043,106,5,0
382,1673286180,1.22042,1.22064,1.2203,1.22064,112,5,0
383,1673286240,1.2206299999999999,1.22073,1.22042,1.22056,131,5,0
384,1673286300,1.22056,1.2206299999999999,1.22044,1.22051,101,5,0
385,1673286360,1.2205,1.22094,1.22044,1.22048,162,5,0
386,1673286420,1.22051,1.221,1.22033,1.22062,179,5,0
387,1673286480,1.22062,1.22086,1.22059,1.22062,117,5,0
388,1673286540,1.22061,1.2208,1.2205,1.22061,132,5,0
389,1673286600,1.2206299999999999,1.22083,1.2202,1.22031,182,5,0
390,1673286660,1.22031,1.2204,1.21964,1.21964,167,5,0
391,1673286720,1.21967,1.22019,1.21967,1.21977,182,5,0
392,1673286780,1.21974,1.22013,1.21929,1.21959,253,5,0
393,1673286840,1.21958,1.2196500000000001,1.21947,1.21959,137,5,0
394,1673286900,1.21959,1.21959,1.21929,1.2195,119,5,0
395,1673286960,1.2195,1.21952,1.21922,1.2193100000000001,134,5,0
396,1673287020,1.21932,1.21933,1.2191,1.21915,163,5,0
397,1673287080,1.21915,1.2193100000000001,1.21891,1.2190400000000001,135,5,0
398,1673287140,1.21902,1.21921,1.21899,1.2191,109,5,0
399,1673287200,1.21909,1.2193100000000001,1.21897,1.2190699999999999,108,5,0
400,1673287260,1.21909,1.21933,1.21898,1.21928,177,5,0
401,1673287320,1.2193100000000001,1.2193100000000001,1.2191,1.21919,183,5,0
402,1673287380,1.21919,1.2194099999999999,1.21905,1.21934,108,5,0
403,1673287440,1.21937,1.21963,1.21926,1.21962,136,3,0
404,1673287500,1.21962,1.21984,1.21948,1.21951,132,5,0
405,1673287560,1.2195,1.2196500000000001,1.21935,1.21954,100,5,0
406,1673287620,1.21953,1.22005,1.2195,1.21999,141,5,0
407,1673287680,1.21999,1.22019,1.21995,1.22015,124,5,0
408,1673287740,1.22015,1.22015,1.21973,1.2198,141,5,0
409,1673287800,1.21979,1.2202,1.21979,1.22014,134,4,0
410,1673287860,1.22014,1.22014,1.21993,1.22013,117,5,0
411,1673287920,1.22013,1.22025,1.2200199999999999,1.22012,117,5,0
412,1673287980,1.22013,1.22017,1.21998,1.22,81,5,0
413,1673288040,1.22,1.22031,1.21998,1.22027,121,5,0
414,1673288100,1.22028,1.22033,1.22004,1.22007,104,5,0
415,1673288160,1.22007,1.22027,1.2199200000000001,1.22,110,5,0
416,1673288220,1.22,1.22005,1.21982,1.21983,86,5,0
417,1673288280,1.21983,1.22011,1.21981,1.22009,89,5,0
418,1673288340,1.22009,1.22011,1.21998,1.2200199999999999,62,5,0
419,1673288400,1.2200199999999999,1.22013,1.21985,1.2199200000000001,69,5,0
420,1673288460,1.2199200000000001,1.22027,1.21991,1.2202,68,5,0
421,1673288520,1.2202,1.22022,1.22007,1.22022,59,5,0
422,1673288580,1.22022,1.22034,1.22,1.22001,87,5,0
423,1673288640,1.22003,1.22004,1.2198,1.21994,67,5,0
424,1673288700,1.21994,1.22009,1.21975,1.21989,121,5,0
425,1673288760,1.21989,1.21994,1.21955,1.21981,116,5,0
426,1673288820,1.21981,1.22008,1.2198,1.22001,94,5,0
427,1673288880,1.2200199999999999,1.22027,1.21972,1.21988,122,5,0
428,1673288940,1.21988,1.22004,1.21982,1.21984,109,5,0
429,1673289000,1.21983,1.22005,1.21972,1.2199200000000001,106,5,0
430,1673289060,1.21994,1.21995,1.2194,1.21945,141,5,0
431,1673289120,1.21944,1.21971,1.21938,1.21971,94,5,0
432,1673289180,1.21971,1.21989,1.21953,1.21973,146,5,0
433,1673289240,1.21974,1.21982,1.21944,1.21963,136,5,0
434,1673289300,1.21963,1.21974,1.21942,1.21952,133,5,0
435,1673289360,1.21952,1.21973,1.21946,1.21964,94,5,0
436,1673289420,1.21963,1.21989,1.21962,1.21986,75,5,0
437,1673289480,1.21986,1.22001,1.21974,1.21982,85,5,0
438,1673289540,1.21983,1.2199200000000001,1.21967,1.21988,109,5,0
439,1673289600,1.21988,1.2199,1.21959,1.2196799999999999,99,5,0
440,1673289660,1.2197,1.21984,1.2196799999999999,1.21974,57,5,0
441,1673289720,1.21975,1.21976,1.21955,1.21971,55,5,0
442,1673289780,1.21971,1.21971,1.21942,1.21945,74,5,0
443,1673289840,1.21944,1.21966,1.21939,1.21961,73,5,0
444,1673289900,1.21963,1.21996,1.2195,1.21996,111,5,0
445,1673289960,1.21997,1.2200199999999999,1.2195,1.21952,140,5,0
446,1673290020,1.21951,1.21972,1.2194099999999999,1.21971,109,5,0
447,1673290080,1.2197,1.22037,1.2197,1.22006,192,5,0
448,1673290140,1.22004,1.22054,1.2200199999999999,1.22011,156,5,0
449,1673290200,1.22011,1.22018,1.21981,1.21984,143,5,0
450,1673290260,1.21984,1.21997,1.21973,1.21988,106,5,0
451,1673290320,1.21988,1.22015,1.21983,1.22013,70,5,0
452,1673290380,1.22013,1.22044,1.22012,1.22033,99,5,0
453,1673290440,1.22033,1.22061,1.2202600000000001,1.22049,59,5,0
454,1673290500,1.2205,1.22061,1.22024,1.22035,102,5,0
455,1673290560,1.22034,1.22035,1.22004,1.22004,119,5,0
456,1673290620,1.22005,1.22031,1.2199200000000001,1.22007,121,5,0
457,1673290680,1.22007,1.22042,1.21994,1.2204,147,5,0
458,1673290740,1.22039,1.22052,1.22024,1.22046,84,5,0
459,1673290800,1.22044,1.22069,1.22032,1.2205300000000001,109,5,0
460,1673290860,1.2205300000000001,1.22073,1.22045,1.22069,74,5,0
461,1673290920,1.22068,1.22085,1.22044,1.22056,102,5,0
462,1673290980,1.22057,1.22061,1.22037,1.2205,96,5,0
463,1673291040,1.2205,1.22062,1.22037,1.22051,66,5,0
464,1673291100,1.22051,1.22062,1.22034,1.22035,75,5,0
465,1673291160,1.22037,1.22037,1.22009,1.22025,62,5,0
466,1673291220,1.22024,1.22036,1.21996,1.22001,70,5,0
467,1673291280,1.22001,1.2200199999999999,1.21943,1.21962,103,5,0
468,1673291340,1.21961,1.21972,1.21952,1.21966,86,5,0
469,1673291400,1.21964,1.21976,1.2195,1.21966,94,5,0
470,1673291460,1.21967,1.21982,1.21961,1.21966,80,5,0
471,1673291520,1.21966,1.21972,1.21934,1.2195,79,5,0
472,1673291580,1.21952,1.2196500000000001,1.21949,1.21953,87,5,0
473,1673291640,1.21951,1.21975,1.21944,1.21971,79,5,0
474,1673291700,1.21972,1.21975,1.21923,1.2193,101,5,0
475,1673291760,1.21932,1.21951,1.21927,1.2194099999999999,74,5,0
476,1673291820,1.21939,1.21939,1.21916,1.21916,67,5,0
477,1673291880,1.21917,1.21917,1.21863,1.21866,92,4,0
478,1673291940,1.21864,1.21871,1.21857,1.21869,76,5,0
479,1673292000,1.21869,1.21889,1.21863,1.21874,131,5,0
480,1673292060,1.21875,1.21883,1.21839,1.21853,80,5,0
481,1673292120,1.21854,1.21865,1.21833,1.21834,70,5,0
482,1673292180,1.2184,1.21845,1.21823,1.21824,75,5,0
483,1673292240,1.21824,1.21831,1.21813,1.21826,53,5,0
484,1673292300,1.21826,1.21832,1.21803,1.21803,53,5,0
485,1673292360,1.21803,1.21813,1.21794,1.21812,46,5,0
486,1673292420,1.21812,1.2182,1.21799,1.218,33,5,0
487,1673292480,1.218,1.21832,1.21793,1.2182,65,5,0
488,1673292540,1.2182,1.21832,1.21813,1.21821,47,5,0
489,1673292600,1.21821,1.21824,1.21806,1.21808,69,5,0
490,1673292660,1.2180900000000001,1.21833,1.218,1.21822,88,5,0
491,1673292720,1.21822,1.21856,1.2182,1.21844,71,5,0
492,1673292780,1.21844,1.21866,1.21844,1.21861,36,5,0
493,1673292840,1.21862,1.21864,1.21849,1.21854,51,5,0
494,1673292900,1.21854,1.21856,1.2178200000000001,1.21804,116,5,0
495,1673292960,1.21804,1.21821,1.21777,1.2178200000000001,115,5,0
496,1673293020,1.2178200000000001,1.2182,1.21771,1.2182,91,5,0
497,1673293080,1.21821,1.21821,1.2174,1.21763,93,4,0
498,1673293140,1.21763,1.21798,1.21763,1.21798,24,5,0
499,1673293200,1.21799,1.21799,1.21784,1.21787,38,5,0
500,1673293260,1.2178499999999999,1.2183,1.2178499999999999,1.21822,57,5,0
501,1673293320,1.21822,1.21828,1.21813,1.21814,56,5,0
502,1673293380,1.21813,1.21823,1.21805,1.2181,39,5,0
503,1673293440,1.2181,1.21815,1.21799,1.21803,47,5,0
504,1673293500,1.21803,1.21812,1.21796,1.21796,45,5,0
505,1673293560,1.21797,1.21806,1.21793,1.21803,36,5,0
506,1673293620,1.21803,1.21822,1.21803,1.21812,67,5,0
507,1673293680,1.21812,1.21861,1.21812,1.21854,67,5,0
508,1673293740,1.21853,1.21856,1.21834,1.2184599999999999,71,5,0
509,1673293800,1.21845,1.21883,1.21845,1.21872,109,4,0
510,1673293860,1.21874,1.21895,1.21874,1.21892,64,5,0
511,1673293920,1.21891,1.21895,1.21885,1.21892,59,5,0
512,1673293980,1.21892,1.21906,1.21885,1.21901,74,5,0
513,1673294040,1.21903,1.21924,1.21901,1.21924,55,5,0
514,1673294100,1.21923,1.21944,1.21923,1.21926,77,5,0
515,1673294160,1.21926,1.21946,1.2191,1.21937,87,5,0
516,1673294220,1.21936,1.2196799999999999,1.21925,1.2196799999999999,60,5,0
517,1673294280,1.21973,1.21973,1.21949,1.21956,79,5,0
518,1673294340,1.21959,1.21962,1.21944,1.21944,63,5,0
519,1673294400,1.21944,1.2196,1.21943,1.21955,43,5,0
520,1673294460,1.21954,1.22021,1.21953,1.22019,96,6,0
521,1673294520,1.22019,1.22019,1.2197,1.21981,84,6,0
522,1673294580,1.21981,1.21981,1.21955,1.21956,85,6,0
523,1673294640,1.21955,1.21962,1.21942,1.21948,80,6,0
524,1673294700,1.21951,1.2196500000000001,1.21924,1.21934,91,6,0
525,1673294760,1.21934,1.21935,1.21881,1.21902,106,6,0
526,1673294820,1.21903,1.21924,1.21891,1.21909,100,6,0
527,1673294880,1.21909,1.21917,1.21903,1.21913,49,6,0
528,1673294940,1.21913,1.21923,1.21906,1.2191,46,6,0
529,1673295000,1.2191,1.21929,1.21909,1.2192,50,6,0
530,1673295060,1.21922,1.21926,1.21901,1.21926,41,6,0
531,1673295120,1.21926,1.21948,1.21925,1.21944,44,6,0
532,1673295180,1.21946,1.21963,1.21944,1.21954,41,6,0
533,1673295240,1.21954,1.21973,1.21952,1.2196500000000001,29,6,0
534,1673295300,1.21963,1.21967,1.21933,1.21945,57,6,0
535,1673295360,1.21946,1.21966,1.21945,1.21963,50,6,0
536,1673295420,1.21964,1.21972,1.21952,1.21954,55,6,0
537,1673295480,1.21954,1.21956,1.21934,1.2194099999999999,50,6,0
538,1673295540,1.2194099999999999,1.21945,1.2194,1.2194,23,6,0
539,1673295600,1.2194099999999999,1.21948,1.2193100000000001,1.21943,51,6,0
540,1673295660,1.21944,1.21955,1.2194099999999999,1.21944,37,6,0
541,1673295720,1.21945,1.21984,1.21945,1.21984,40,6,0
542,1673295780,1.21984,1.21989,1.21972,1.21973,22,6,0
543,1673295840,1.21976,1.21999,1.21976,1.21994,39,6,0
544,1673295900,1.2199200000000001,1.21993,1.21957,1.2196,45,6,0
545,1673295960,1.2196,1.2196,1.21923,1.21923,45,6,0
546,1673296020,1.21925,1.21933,1.21919,1.21926,46,6,0
547,1673296080,1.21925,1.21943,1.21921,1.21933,50,6,0
548,1673296140,1.21933,1.21963,1.21933,1.21959,67,6,0
549,1673296200,1.2196,1.21985,1.2196,1.2198,79,6,0
550,1673296260,1.2198,1.22004,1.21976,1.21996,72,6,0
551,1673296320,1.21998,1.22012,1.2198,1.2201,82,6,0
552,1673296380,1.22011,1.22023,1.2200199999999999,1.22016,57,6,0
553,1673296440,1.22013,1.22032,1.22004,1.22032,60,6,0
554,1673296500,1.22031,1.22032,1.21981,1.21984,63,6,0
555,1673296560,1.21984,1.21984,1.21944,1.21952,82,6,0
556,1673296620,1.21953,1.21955,1.21934,1.21935,60,6,0
557,1673296680,1.21933,1.21956,1.21921,1.21942,81,6,0
558,1673296740,1.21938,1.21942,1.21912,1.21923,87,6,0
559,1673296800,1.21921,1.21932,1.21903,1.2190400000000001,85,6,0
560,1673296860,1.2190400000000001,1.2190400000000001,1.21861,1.21862,57,6,0
561,1673296920,1.21856,1.21864,1.21827,1.21854,116,6,0
562,1673296980,1.21851,1.21855,1.21834,1.21842,116,6,0
563,1673297040,1.2184,1.2184599999999999,1.21832,1.21836,113,6,0
564,1673297100,1.21837,1.21847,1.2183,1.21835,70,6,0
565,1673297160,1.21835,1.21835,1.21792,1.21803,81,6,0
566,1673297220,1.21802,1.2181899999999999,1.21766,1.21784,127,6,0
567,1673297280,1.21787,1.21807,1.2176,1.21802,138,6,0
568,1673297340,1.21801,1.21831,1.21796,1.21821,100,6,0
569,1673297400,1.2181899999999999,1.21836,1.2180900000000001,1.2182,131,6,0
570,1673297460,1.2181899999999999,1.21829,1.21802,1.21803,80,6,0
571,1673297520,1.21801,1.21815,1.21798,1.21799,67,6,0
572,1673297580,1.21797,1.2181,1.21786,1.21789,71,6,0
573,1673297640,1.21791,1.21799,1.21784,1.21789,63,6,0
574,1673297700,1.21788,1.21811,1.21784,1.2180900000000001,116,6,0
575,1673297760,1.21811,1.2184,1.21803,1.21833,106,6,0
576,1673297820,1.21833,1.21852,1.21824,1.21851,80,6,0
577,1673297880,1.21852,1.21869,1.21848,1.21861,61,6,0
578,1673297940,1.21862,1.21876,1.21859,1.21867,59,6,0
579,1673298000,1.21868,1.21905,1.21865,1.21903,79,6,0
580,1673298060,1.21902,1.21905,1.21891,1.21895,49,6,0
581,1673298120,1.21896,1.21913,1.21892,1.21913,69,6,0
582,1673298180,1.21915,1.21915,1.21893,1.2190400000000001,58,6,0
583,1673298240,1.21908,1.21927,1.21903,1.21923,61,6,0
584,1673298300,1.21923,1.21937,1.21898,1.219,96,6,0
585,1673298360,1.21902,1.21922,1.21886,1.21922,129,6,0
586,1673298420,1.21922,1.21937,1.21922,1.21928,80,6,0
587,1673298480,1.21928,1.2196500000000001,1.21928,1.2196500000000001,51,6,0
588,1673298540,1.21966,1.21967,1.21954,1.21958,66,6,0
589,1673298600,1.21958,1.21967,1.21938,1.21947,66,6,0
590,1673298660,1.21949,1.21979,1.21946,1.2196799999999999,65,6,0
591,1673298720,1.2197,1.21971,1.21933,1.21933,98,6,0
592,1673298780,1.21933,1.21947,1.21922,1.21944,102,6,0
593,1673298840,1.21944,1.21951,1.21937,1.21943,64,6,0
594,1673298900,1.2194099999999999,1.21943,1.2193100000000001,1.2194,24,6,0
595,1673298960,1.2194,1.21955,1.21934,1.21953,47,6,0
596,1673299020,1.21951,1.21977,1.21943,1.21943,71,6,0
597,1673299080,1.21942,1.21957,1.2194,1.21949,36,6,0
598,1673299140,1.21947,1.21953,1.2194,1.21946,66,6,0
599,1673299200,1.21946,1.21975,1.21946,1.21969,68,6,0
600,1673299260,1.21969,1.21994,1.21964,1.21988,96,6,0
601,1673299320,1.21991,1.21991,1.21969,1.21974,49,6,0
602,1673299380,1.21974,1.21987,1.21973,1.21983,35,6,0
603,1673299440,1.21982,1.21985,1.21975,1.21977,46,6,0
604,1673299500,1.21977,1.21991,1.21976,1.21987,48,6,0
605,1673299560,1.21986,1.2199,1.21962,1.21983,105,6,0
606,1673299620,1.21983,1.21996,1.21972,1.21987,88,6,0
607,1673299680,1.21988,1.22012,1.21988,1.2200199999999999,76,6,0
608,1673299740,1.22003,1.22016,1.21998,1.22004,71,6,0
609,1673299800,1.22005,1.22025,1.2200199999999999,1.22022,94,6,0
610,1673299860,1.22023,1.22039,1.22022,1.2203,61,6,0
611,1673299920,1.2203,1.22031,1.22015,1.22015,49,6,0
612,1673299980,1.22015,1.22021,1.21994,1.21997,90,6,0
613,1673300040,1.21997,1.2200199999999999,1.21983,1.21996,60,6,0
614,1673300100,1.21996,1.21996,1.21976,1.21976,71,6,0
615,1673300160,1.21976,1.21996,1.21975,1.21995,58,6,0
616,1673300220,1.21995,1.21995,1.21972,1.21975,64,6,0
617,1673300280,1.21974,1.21986,1.21963,1.21975,71,6,0
618,1673300340,1.21975,1.21975,1.21961,1.21962,63,6,0
619,1673300400,1.21963,1.21975,1.21961,1.21973,53,6,0
620,1673300460,1.21973,1.21988,1.21971,1.21982,84,6,0
621,1673300520,1.21982,1.21982,1.2196,1.21963,65,6,0
622,1673300580,1.21963,1.21973,1.21959,1.21959,72,6,0
623,1673300640,1.21959,1.21974,1.21958,1.21973,85,6,0
624,1673300700,1.21973,1.21973,1.21943,1.2195,61,6,0
625,1673300760,1.2195,1.22,1.2195,1.21995,94,6,0
626,1673300820,1.21996,1.21997,1.21974,1.21974,73,6,0
627,1673300880,1.21977,1.21979,1.21958,1.21964,82,6,0
628,1673300940,1.2196500000000001,1.21986,1.2196500000000001,1.21985,62,6,0
629,1673301000,1.21986,1.22007,1.21971,1.22006,55,6,0
630,1673301060,1.22006,1.22016,1.21998,1.21999,69,6,0
631,1673301120,1.22,1.2200199999999999,1.21982,1.21994,74,6,0
632,1673301180,1.21993,1.22023,1.21993,1.22008,62,6,0
633,1673301240,1.22008,1.22018,1.21991,1.21991,72,6,0
634,1673301300,1.2199200000000001,1.22004,1.21991,1.22004,42,6,0
635,1673301360,1.22004,1.22012,1.2199200000000001,1.21993,69,6,0
636,1673301420,1.21994,1.22016,1.21991,1.22013,37,6,0
637,1673301480,1.22021,1.22043,1.22017,1.22042,51,6,0
638,1673301540,1.22044,1.22044,1.22023,1.22036,79,6,0
639,1673301600,1.22038,1.22038,1.22,1.22019,68,6,0
640,1673301660,1.22019,1.2203,1.21993,1.22,53,6,0
641,1673301720,1.22001,1.22005,1.2194,1.21948,130,6,0
642,1673301780,1.21948,1.21951,1.2193100000000001,1.21932,65,6,0
643,1673301840,1.21932,1.21954,1.21925,1.21954,63,6,0
644,1673301900,1.21952,1.2197,1.2194,1.21948,83,6,0
645,1673301960,1.2195,1.2196500000000001,1.21924,1.21925,61,6,0
646,1673302020,1.21924,1.2193100000000001,1.21906,1.21908,84,6,0
647,1673302080,1.21908,1.21927,1.21903,1.21927,86,6,0
648,1673302140,1.21927,1.21944,1.21923,1.21923,46,6,0
649,1673302200,1.21925,1.21937,1.21921,1.21923,36,6,0
650,1673302260,1.21923,1.21923,1.21902,1.21903,54,6,0
651,1673302320,1.21897,1.21901,1.21881,1.21885,72,6,0
652,1673302380,1.21884,1.21891,1.21873,1.2189,54,6,0
653,1673302440,1.21889,1.2189,1.21873,1.21882,82,6,0
654,1673302500,1.21882,1.2190699999999999,1.21882,1.21896,60,6,0
655,1673302560,1.21898,1.21935,1.21897,1.21914,66,6,0
656,1673302620,1.21915,1.21924,1.2190400000000001,1.2190699999999999,68,6,0
657,1673302680,1.21905,1.21926,1.2190400000000001,1.21919,90,6,0
658,1673302740,1.21919,1.21926,1.21901,1.21905,85,6,0
659,1673302800,1.21905,1.21922,1.21898,1.21922,65,6,0
660,1673302860,1.21922,1.21942,1.21918,1.21939,101,6,0
661,1673302920,1.21938,1.21938,1.21916,1.21928,110,6,0
662,1673302980,1.21928,1.21928,1.21913,1.21919,92,6,0
663,1673303040,1.21919,1.2192,1.21878,1.21892,89,6,0
664,1673303100,1.21891,1.21895,1.21872,1.2187999999999999,110,6,0
665,1673303160,1.2187999999999999,1.21911,1.2187999999999999,1.2190400000000001,76,6,0
666,1673303220,1.21905,1.21912,1.21893,1.21897,70,6,0
667,1673303280,1.21897,1.21897,1.21873,1.21885,113,6,0
668,1673303340,1.21885,1.219,1.2187000000000001,1.21872,97,6,0
669,1673303400,1.21875,1.21891,1.21859,1.2186,120,6,0
670,1673303460,1.2186,1.2187000000000001,1.21849,1.21864,126,6,0
671,1673303520,1.21866,1.21866,1.21837,1.21838,100,6,0
672,1673303580,1.21838,1.21852,1.21822,1.21837,128,6,0
673,1673303640,1.21836,1.21864,1.21833,1.21856,108,6,0
674,1673303700,1.21855,1.21873,1.21845,1.21873,117,6,0
675,1673303760,1.21873,1.21888,1.21859,1.21868,83,4,0
676,1673303820,1.21868,1.21879,1.21859,1.21868,95,6,0
677,1673303880,1.21866,1.21868,1.21851,1.21862,137,6,0
678,1673303940,1.21862,1.21872,1.21851,1.21851,91,6,0
679,1673304000,1.21852,1.2186,1.2184599999999999,1.21859,87,6,0
680,1673304060,1.21851,1.21879,1.21849,1.21877,115,6,0
681,1673304120,1.21876,1.21892,1.2187000000000001,1.21889,120,6,0
682,1673304180,1.21889,1.21897,1.21876,1.21887,104,6,0
683,1673304240,1.21887,1.21902,1.21885,1.21898,108,6,0
684,1673304300,1.21897,1.21897,1.21881,1.21892,69,6,0
685,1673304360,1.2189,1.2189,1.21872,1.2187999999999999,108,6,0
686,1673304420,1.2187999999999999,1.21881,1.21852,1.21863,106,6,0
687,1673304480,1.21865,1.21867,1.21854,1.21865,65,6,0
688,1673304540,1.21865,1.21883,1.2186,1.21883,67,6,0
689,1673304600,1.21883,1.21897,1.21869,1.21881,152,6,0
690,1673304660,1.21881,1.21886,1.21866,1.21876,109,6,0
691,1673304720,1.21876,1.21881,1.21837,1.21858,140,6,0
692,1673304780,1.21858,1.21869,1.21827,1.21833,140,6,0
693,1673304840,1.21833,1.21849,1.21832,1.21841,122,6,0
694,1673304900,1.21841,1.21842,1.21818,1.2181899999999999,151,6,0
695,1673304960,1.2182,1.21831,1.21812,1.21818,137,6,0
696,1673305020,1.2181899999999999,1.21826,1.2181,1.21818,140,6,0
697,1673305080,1.21818,1.21822,1.21799,1.2181,128,6,0
698,1673305140,1.2181,1.21812,1.21797,1.218,141,6,0
699,1673305200,1.21801,1.21817,1.21793,1.21811,71,6,0
700,1673305260,1.21811,1.21811,1.21798,1.218,60,9,0
701,1673305320,1.218,1.21808,1.21792,1.21798,50,9,0
702,1673305380,1.21797,1.21815,1.21793,1.21812,23,9,0
703,1673305440,1.21807,1.21812,1.21807,1.21811,22,9,0
704,1673305500,1.21811,1.21811,1.21804,1.2180900000000001,15,9,0
705,1673305560,1.2180900000000001,1.2180900000000001,1.21793,1.21798,30,9,0
706,1673305620,1.21798,1.218,1.21796,1.21799,8,9,0
707,1673305680,1.21799,1.21799,1.21794,1.21795,9,9,0
708,1673305740,1.21798,1.21823,1.21798,1.21814,23,9,0
709,1673305800,1.21813,1.21818,1.21811,1.21811,19,9,0
710,1673305860,1.2180900000000001,1.2180900000000001,1.21797,1.21802,19,9,0
711,1673305920,1.21802,1.21802,1.21794,1.21799,22,9,0
712,1673305980,1.218,1.218,1.21788,1.21788,24,9,0
713,1673306040,1.21788,1.21789,1.21776,1.21788,47,9,0
714,1673306100,1.21788,1.21804,1.2178499999999999,1.21794,32,9,0
715,1673306160,1.21794,1.21799,1.2179,1.21796,58,9,0
716,1673306220,1.21796,1.21798,1.21795,1.21796,8,9,0
717,1673306280,1.21796,1.21797,1.2179,1.21793,21,9,0
718,1673306340,1.21793,1.21799,1.21793,1.21796,20,9,0
719,1673306400,1.21796,1.2181,1.21796,1.21798,31,9,0
720,1673306460,1.21794,1.21797,1.2179,1.21796,13,9,0
721,1673306520,1.21796,1.21805,1.2179,1.21792,23,9,0
722,1673306580,1.21791,1.21798,1.21789,1.21795,27,9,0
723,1673306640,1.21796,1.21796,1.2179,1.21793,15,9,0
724,1673306700,1.21793,1.21793,1.21786,1.21788,7,9,0
725,1673306760,1.21788,1.21791,1.21784,1.21787,19,9,0
726,1673306820,1.21786,1.21792,1.21784,1.21789,22,9,0
727,1673306880,1.21791,1.21802,1.2179,1.21799,36,9,0
728,1673306940,1.21799,1.21804,1.21789,1.21804,30,9,0
729,1673307000,1.21802,1.21822,1.21801,1.21802,61,9,0
730,1673307060,1.21801,1.21802,1.21795,1.21797,14,9,0
731,1673307120,1.21802,1.21822,1.21802,1.21811,26,9,0
732,1673307180,1.21811,1.2181899999999999,1.21811,1.21813,24,9,0
733,1673307240,1.21814,1.21822,1.21811,1.21811,25,9,0
734,1673307300,1.21811,1.21822,1.2180900000000001,1.2182,25,9,0
735,1673307360,1.21818,1.21818,1.21808,1.21813,26,9,0
736,1673307420,1.21812,1.21822,1.21812,1.21821,22,9,0
737,1673307480,1.21821,1.21821,1.21816,1.21816,7,9,0
738,1673307540,1.21816,1.21816,1.21815,1.21815,2,9,0
739,1673307600,1.21815,1.21815,1.21815,1.21815,1,9,0
740,1673307660,1.21814,1.21822,1.21814,1.21818,15,9,0
741,1673307720,1.21818,1.21824,1.21818,1.21824,14,9,0
742,1673307780,1.21823,1.21833,1.21822,1.21832,16,9,0
743,1673307840,1.21832,1.21837,1.2183,1.21834,8,9,0
744,1673307900,1.21834,1.21834,1.21826,1.2183,11,9,0
745,1673307960,1.21829,1.21832,1.21821,1.21823,20,9,0
746,1673308020,1.21823,1.21832,1.2182,1.21829,19,9,0
747,1673308080,1.2183,1.21832,1.21817,1.21822,18,9,0
748,1673308140,1.21822,1.21833,1.21821,1.21831,19,9,0
749,1673308200,1.21831,1.21842,1.21826,1.21837,41,9,0
750,1673308260,1.21836,1.21847,1.21832,1.2184599999999999,33,9,0
751,1673308320,1.21845,1.2184599999999999,1.21831,1.21836,17,9,0
752,1673308380,1.21836,1.21838,1.21832,1.21837,31,19,0
753,1673308440,1.21838,1.21848,1.21838,1.21841,28,9,0
754,1673308500,1.21841,1.21841,1.21831,1.21837,17,19,0
755,1673308560,1.21836,1.21839,1.21833,1.21836,12,19,0
756,1673308620,1.21836,1.21837,1.21832,1.21835,18,19,0
757,1673308680,1.21836,1.2184599999999999,1.21836,1.2184,30,19,0
758,1673308740,1.21832,1.21839,1.21827,1.21836,13,16,0
759,1673308860,1.21842,1.21842,1.21791,1.21791,3,82,0
760,1673308920,1.21777,1.21777,1.21777,1.21777,1,98,0
761,1673308980,1.21713,1.2179,1.21713,1.2179,4,70,0
762,1673309100,1.2178200000000001,1.21784,1.2178200000000001,1.21784,2,98,0
763,1673309160,1.21784,1.21784,1.21784,1.21784,1,88,0
764,1673309220,1.2178499999999999,1.2178499999999999,1.2178499999999999,1.2178499999999999,1,84,0
765,1673309280,1.21756,1.21756,1.21756,1.21756,1,98,0
766,1673309340,1.2178499999999999,1.2178499999999999,1.2178499999999999,1.2178499999999999,1,80,0
767,1673309400,1.21716,1.21777,1.21635,1.21777,5,98,0
768,1673309460,1.21777,1.21777,1.21777,1.21777,1,98,0
769,1673309520,1.21777,1.21778,1.21777,1.21778,2,98,0
770,1673309580,1.21778,1.21778,1.21778,1.21778,1,98,0
771,1673309640,1.21778,1.21778,1.21777,1.21777,2,98,0
772,1673309760,1.21777,1.21787,1.21777,1.21777,3,98,0
773,1673309820,1.21716,1.21716,1.21716,1.21716,1,219,0
774,1673309880,1.21685,1.21716,1.21685,1.21701,4,206,0
775,1673309940,1.21701,1.21771,1.21701,1.21771,4,78,0
776,1673310000,1.21753,1.21753,1.21701,1.21701,2,98,0
777,1673310060,1.21701,1.21753,1.21701,1.21752,3,98,0
778,1673310120,1.21777,1.21807,1.21777,1.21807,10,55,0
779,1673310180,1.21801,1.21801,1.2176,1.2176,3,98,0
780,1673310240,1.21761,1.21763,1.21761,1.21763,3,98,0
781,1673310300,1.21763,1.21764,1.21763,1.21764,2,98,0
782,1673310360,1.21778,1.21781,1.21764,1.21764,9,98,0
783,1673310420,1.2178,1.21781,1.21779,1.21779,8,98,0
784,1673310480,1.21779,1.2178200000000001,1.21735,1.2178200000000001,5,58,0
785,1673310540,1.21788,1.21788,1.2178200000000001,1.2178200000000001,8,58,0
786,1673310600,1.21789,1.21796,1.21783,1.21783,7,58,0
787,1673310660,1.21783,1.21783,1.21783,1.21783,1,69,0
788,1673310720,1.21783,1.21784,1.21783,1.21784,2,69,0
789,1673310780,1.21784,1.21786,1.21783,1.2178499999999999,9,69,0
790,1673310840,1.21784,1.2178499999999999,1.21781,1.21781,5,69,0
791,1673310900,1.21781,1.21781,1.21778,1.21779,6,69,0
792,1673310960,1.2178,1.21874,1.2178,1.21874,5,17,0
793,1673311020,1.21805,1.21874,1.21805,1.21874,2,17,0
794,1673311080,1.21805,1.21805,1.2178200000000001,1.2178200000000001,41,50,0
795,1673311140,1.21783,1.21787,1.2178200000000001,1.21784,132,68,0
796,1673311200,1.21783,1.21786,1.2178200000000001,1.21784,125,69,0
797,1673311260,1.2178499999999999,1.2178499999999999,1.21783,1.21783,3,69,0
798,1673311320,1.2178499999999999,1.2178499999999999,1.2178200000000001,1.2178200000000001,3,56,0
799,1673311380,1.21784,1.21786,1.21784,1.2178499999999999,9,69,0
800,1673311440,1.2178499999999999,1.21786,1.21783,1.2178499999999999,29,69,0
801,1673311500,1.21784,1.21812,1.2178200000000001,1.21812,6,17,0
802,1673311560,1.2178499999999999,1.21812,1.21784,1.2178499999999999,6,17,0
803,1673311620,1.21787,1.21793,1.21784,1.2178499999999999,5,56,0
804,1673311680,1.2179,1.21791,1.2179,1.2179,3,69,0
805,1673311740,1.2179,1.21812,1.2179,1.21792,3,17,0
806,1673311800,1.21793,1.218,1.21792,1.218,10,65,0
807,1673311860,1.218,1.218,1.21797,1.218,5,64,0
808,1673311920,1.21799,1.218,1.21799,1.218,2,60,0
809,1673311980,1.21799,1.21799,1.21799,1.21799,1,58,0
810,1673312040,1.21799,1.21799,1.21799,1.21799,1,57,0
811,1673312100,1.21759,1.218,1.21759,1.21798,6,55,0
812,1673312160,1.21812,1.21812,1.21799,1.218,3,17,0
813,1673312220,1.21801,1.21804,1.21801,1.21804,22,52,0
814,1673312280,1.21803,1.21812,1.21802,1.2180900000000001,7,17,0
815,1673312340,1.2180900000000001,1.2180900000000001,1.21805,1.21806,6,55,0
816,1673312400,1.21807,1.21822,1.218,1.21803,25,17,0
817,1673312460,1.21803,1.21812,1.21776,1.21789,28,17,0
818,1673312520,1.21789,1.21816,1.21789,1.21816,36,17,0
819,1673312580,1.21816,1.21867,1.21815,1.21857,31,17,0
820,1673312640,1.21861,1.21877,1.21857,1.21876,19,17,0
821,1673312700,1.21875,1.21875,1.21845,1.2184599999999999,14,17,0
822,1673312760,1.2184599999999999,1.21848,1.21836,1.21836,22,17,0
823,1673312820,1.21835,1.21849,1.21835,1.21848,10,17,0
824,1673312880,1.21847,1.21871,1.2184599999999999,1.21871,14,17,0
825,1673312940,1.21871,1.21891,1.21871,1.21887,19,17,0
826,1673313000,1.21886,1.21887,1.21871,1.21872,11,17,0
827,1673313060,1.21872,1.21872,1.21834,1.21834,21,9,0
828,1673313120,1.21834,1.21852,1.21834,1.21852,12,17,0
829,1673313180,1.21851,1.21861,1.2185,1.21861,13,17,0
830,1673313240,1.21861,1.21862,1.21838,1.21841,14,17,0
831,1673313300,1.21839,1.21852,1.21836,1.21836,89,17,0
832,1673313360,1.21836,1.21837,1.21828,1.21828,34,17,0
833,1673313420,1.21828,1.21831,1.21827,1.21828,20,17,0
834,1673313480,1.2183,1.21844,1.21829,1.21842,38,9,0
835,1673313540,1.21844,1.21861,1.21844,1.21849,42,9,0
836,1673313600,1.21849,1.21862,1.21849,1.21857,17,17,0
837,1673313660,1.21857,1.21861,1.21836,1.21838,41,17,0
838,1673313720,1.21839,1.21842,1.21836,1.21841,18,17,0
839,1673313780,1.21841,1.21851,1.21841,1.21844,12,9,0
840,1673313840,1.21844,1.2185,1.21839,1.21839,20,9,0
841,1673313900,1.2184,1.21841,1.21839,1.21839,4,9,0
842,1673313960,1.21839,1.21841,1.21835,1.21839,17,9,0
843,1673314020,1.21839,1.2184,1.21827,1.21827,15,9,0
844,1673314080,1.21827,1.21836,1.21827,1.21836,13,17,0
845,1673314140,1.21836,1.21836,1.21822,1.21824,10,9,0
846,1673314200,1.21825,1.2187000000000001,1.21825,1.21847,66,9,0
847,1673314260,1.21845,1.21859,1.21839,1.21856,53,9,0
848,1673314320,1.21857,1.2186,1.21855,1.21857,20,9,0
849,1673314380,1.21851,1.21851,1.21833,1.21834,26,9,0
850,1673314440,1.21836,1.21839,1.21832,1.21837,15,9,0
851,1673314500,1.21838,1.21852,1.21833,1.21852,36,9,0
852,1673314560,1.21853,1.21853,1.21842,1.2184300000000001,27,9,0
853,1673314620,1.21844,1.21847,1.21841,1.21842,22,9,0
854,1673314680,1.21842,1.21861,1.21835,1.21861,34,9,0
855,1673314740,1.21859,1.21859,1.21842,1.2184300000000001,17,9,0
856,1673314800,1.2184300000000001,1.2185,1.21838,1.21838,20,9,0
857,1673314860,1.21835,1.2184,1.21829,1.2183,23,9,0
858,1673314920,1.21829,1.21829,1.21821,1.21821,21,9,0
859,1673314980,1.21824,1.21824,1.21798,1.218,31,9,0
860,1673315040,1.218,1.21811,1.21798,1.2180900000000001,18,9,0
861,1673315100,1.2180900000000001,1.2180900000000001,1.21804,1.21807,8,9,0
862,1673315160,1.21803,1.2181,1.21803,1.2181,7,9,0
863,1673315220,1.2180900000000001,1.2181,1.21804,1.21808,13,9,0
864,1673315280,1.21805,1.21811,1.21805,1.2180900000000001,11,9,0
865,1673315340,1.21808,1.21812,1.21808,1.21811,17,9,0
866,1673315400,1.21812,1.21812,1.2181,1.21812,7,9,0
867,1673315460,1.21811,1.21811,1.21805,1.2181,8,9,0
868,1673315520,1.2181,1.2181,1.21806,1.2180900000000001,4,9,0
869,1673315580,1.2181,1.21811,1.21805,1.21807,13,9,0
870,1673315640,1.21807,1.2181899999999999,1.21805,1.2181899999999999,10,9,0
871,1673315700,1.2182,1.21856,1.2182,1.21834,25,9,0
872,1673315760,1.21835,1.21849,1.21835,1.21848,22,9,0
873,1673315820,1.2184599999999999,1.2187000000000001,1.2184300000000001,1.21861,28,9,0
874,1673315880,1.21863,1.21865,1.21842,1.21855,31,9,0
875,1673315940,1.21855,1.21857,1.21825,1.21835,58,9,0
876,1673316000,1.21838,1.21838,1.21814,1.21818,50,8,0
877,1673316060,1.21818,1.2183,1.21813,1.21827,35,8,0
878,1673316120,1.21828,1.21839,1.21817,1.21839,33,8,0
879,1673316180,1.21839,1.21897,1.21839,1.21897,69,8,0
880,1673316240,1.21897,1.21982,1.21889,1.21972,87,8,0
881,1673316300,1.21973,1.21973,1.21856,1.21859,80,8,0
882,1673316360,1.21859,1.21875,1.21848,1.21869,52,8,0
883,1673316420,1.21869,1.21892,1.21868,1.21886,40,8,0
884,1673316480,1.21887,1.21892,1.21857,1.21858,53,8,0
885,1673316540,1.21856,1.21856,1.2181899999999999,1.21829,58,8,0
886,1673316600,1.21831,1.2185,1.21825,1.21827,35,8,0
887,1673316660,1.21827,1.21831,1.21812,1.21823,25,8,0
888,1673316720,1.21823,1.21826,1.2180900000000001,1.2180900000000001,49,8,0
889,1673316780,1.2180900000000001,1.21823,1.21798,1.21823,54,8,0
890,1673316840,1.21823,1.21824,1.21815,1.21815,16,8,0
891,1673316900,1.21815,1.21823,1.21806,1.21818,21,8,0
892,1673316960,1.21817,1.21817,1.21757,1.21761,78,8,0
893,1673317020,1.21763,1.21788,1.21759,1.21774,84,8,0
894,1673317080,1.21774,1.21779,1.21767,1.21772,48,8,0
895,1673317140,1.21772,1.2179,1.21768,1.2178,52,8,0
896,1673317200,1.21779,1.21781,1.21753,1.21769,99,8,0
897,1673317260,1.21769,1.21791,1.21769,1.21789,59,8,0
898,1673317320,1.21787,1.21788,1.21762,1.21768,64,8,0
899,1673317380,1.21769,1.21786,1.21761,1.21767,83,8,0
900,1673317440,1.21767,1.21779,1.21765,1.21765,65,8,0
901,1673317500,1.21761,1.21762,1.21717,1.21731,109,8,0
902,1673317560,1.2173,1.21737,1.21717,1.21727,78,8,0
903,1673317620,1.21727,1.21727,1.21698,1.21701,65,8,0
904,1673317680,1.217,1.21721,1.21699,1.21719,49,8,0
905,1673317740,1.21719,1.21741,1.21719,1.21729,31,8,0
906,1673317800,1.21729,1.21739,1.2172399999999999,1.21739,43,8,0
907,1673317860,1.21739,1.21754,1.21727,1.2174800000000001,39,8,0
908,1673317920,1.2174800000000001,1.21753,1.21746,1.21752,28,8,0
909,1673317980,1.2175,1.2177,1.2174,1.21759,53,8,0
910,1673318040,1.21759,1.21763,1.21749,1.21755,48,8,0
911,1673318100,1.21759,1.21763,1.21756,1.21762,21,8,0
912,1673318160,1.21759,1.21763,1.21756,1.21761,30,8,0
913,1673318220,1.21761,1.21773,1.2175799999999999,1.21759,31,8,0
914,1673318280,1.2175799999999999,1.21769,1.21754,1.21768,43,8,0
915,1673318340,1.21768,1.2177,1.21753,1.21759,28,8,0
916,1673318400,1.2175799999999999,1.21765,1.21756,1.21764,33,8,0
917,1673318460,1.21764,1.2178200000000001,1.21763,1.2178,33,8,0
918,1673318520,1.21781,1.21788,1.21778,1.21779,35,8,0
919,1673318580,1.21779,1.2178200000000001,1.21766,1.21766,21,8,0
920,1673318640,1.21766,1.21767,1.2175799999999999,1.2176,29,8,0
921,1673318700,1.2176,1.21778,1.21759,1.21776,36,8,0
922,1673318760,1.21776,1.21787,1.21773,1.21781,28,8,0
923,1673318820,1.2178,1.2178499999999999,1.2178,1.2178200000000001,13,8,0
924,1673318880,1.2178200000000001,1.2178499999999999,1.21775,1.21784,30,8,0
925,1673318940,1.21781,1.21805,1.21779,1.21798,47,8,0
926,1673319000,1.21799,1.21802,1.21778,1.21778,56,8,0
927,1673319060,1.21779,1.21797,1.21777,1.21784,63,8,0
928,1673319120,1.21783,1.21784,1.21711,1.21745,104,4,0
929,1673319180,1.21746,1.2174800000000001,1.21632,1.21699,119,7,0
930,1673319240,1.21696,1.21737,1.21686,1.21721,176,7,0
931,1673319300,1.21721,1.21769,1.21721,1.21768,102,8,0
932,1673319360,1.21768,1.2178200000000001,1.21768,1.21779,35,8,0
933,1673319420,1.21781,1.2178200000000001,1.21767,1.21769,32,8,0
934,1673319480,1.21768,1.21787,1.21757,1.21783,102,8,0
935,1673319540,1.21784,1.21789,1.21736,1.21738,84,8,0
936,1673319600,1.21738,1.21753,1.21713,1.21735,156,8,0
937,1673319660,1.21736,1.21765,1.21696,1.2169699999999999,119,8,0
938,1673319720,1.21699,1.21722,1.21699,1.21718,72,8,0
939,1673319780,1.21719,1.21719,1.2169,1.21702,64,8,0
940,1673319840,1.21702,1.21711,1.21695,1.21701,72,8,0
941,1673319900,1.217,1.217,1.21681,1.21693,41,8,0
942,1673319960,1.21693,1.21731,1.21693,1.21719,46,8,0
943,1673320020,1.21719,1.21736,1.21717,1.21727,53,8,0
944,1673320080,1.21728,1.21743,1.21727,1.21728,55,8,0
945,1673320140,1.21728,1.21728,1.21709,1.21712,54,8,0
946,1673320200,1.21714,1.21728,1.21707,1.21707,45,8,0
947,1673320260,1.21707,1.21709,1.21696,1.2169699999999999,33,8,0
948,1673320320,1.2169699999999999,1.21711,1.21695,1.21707,38,8,0
949,1673320380,1.21708,1.21719,1.217,1.21702,31,8,0
950,1673320440,1.21701,1.21701,1.21656,1.21675,71,8,0
951,1673320500,1.21675,1.21706,1.21668,1.2168700000000001,68,8,0
952,1673320560,1.21688,1.21689,1.21671,1.21689,56,8,0
953,1673320620,1.21689,1.21726,1.21684,1.21723,85,8,0
954,1673320680,1.21723,1.21738,1.21686,1.21689,61,8,0
955,1673320740,1.21689,1.21704,1.21689,1.2169,26,8,0
956,1673320800,1.2169,1.21703,1.21689,1.2169,40,8,0
957,1673320860,1.21688,1.21701,1.21679,1.217,37,8,0
958,1673320920,1.21699,1.21699,1.21677,1.21693,44,8,0
959,1673320980,1.21693,1.21731,1.21691,1.21725,67,8,0
960,1673321040,1.21725,1.21733,1.21716,1.21728,40,8,0
961,1673321100,1.21728,1.21737,1.21716,1.21721,47,8,0
962,1673321160,1.2172,1.2176,1.21717,1.21756,52,8,0
963,1673321220,1.21751,1.21781,1.2174800000000001,1.21781,47,8,0
964,1673321280,1.21781,1.21832,1.21781,1.2181899999999999,82,8,0
965,1673321340,1.2181899999999999,1.21848,1.21806,1.21821,98,8,0
966,1673321400,1.21821,1.21823,1.2178200000000001,1.21791,78,8,0
967,1673321460,1.21788,1.21807,1.2178200000000001,1.21783,60,8,0
968,1673321520,1.2178,1.21806,1.21775,1.21778,100,8,0
969,1673321580,1.21777,1.21788,1.2175799999999999,1.2178200000000001,124,8,0
970,1673321640,1.2178,1.21798,1.21771,1.21796,101,8,0
971,1673321700,1.21798,1.21817,1.21776,1.21777,100,8,0
972,1673321760,1.21777,1.2178499999999999,1.21767,1.2178200000000001,92,8,0
973,1673321820,1.2178200000000001,1.21818,1.21777,1.21818,63,8,0
974,1673321880,1.21817,1.2181899999999999,1.21795,1.21805,86,8,0
975,1673321940,1.21805,1.2180900000000001,1.21783,1.21794,40,8,0
976,1673322000,1.2179,1.21797,1.21775,1.21777,62,8,0
977,1673322060,1.21777,1.21779,1.21766,1.21776,44,8,0
978,1673322120,1.21777,1.21781,1.2177,1.21779,47,8,0
979,1673322180,1.21777,1.21795,1.21775,1.21795,44,8,0
980,1673322240,1.21796,1.21797,1.21783,1.21789,40,8,0
981,1673322300,1.21788,1.21805,1.21788,1.21789,52,8,0
982,1673322360,1.21789,1.21821,1.21777,1.2181899999999999,98,8,0
983,1673322420,1.21821,1.2183,1.21766,1.21777,100,8,0
984,1673322480,1.21777,1.21781,1.21763,1.21776,103,8,0
985,1673322540,1.21776,1.21791,1.21774,1.21775,73,8,0
986,1673322600,1.21773,1.21775,1.21756,1.21756,76,8,0
987,1673322660,1.21756,1.21771,1.2174800000000001,1.2177,100,8,0
988,1673322720,1.2177,1.2178200000000001,1.21757,1.21771,101,8,0
989,1673322780,1.2177,1.2178,1.21756,1.21776,74,8,0
990,1673322840,1.21775,1.21796,1.21774,1.21793,60,8,0
991,1673322900,1.21794,1.21799,1.21775,1.2178,97,8,0
992,1673322960,1.21781,1.21799,1.21779,1.2178499999999999,100,8,0
993,1673323020,1.21784,1.21799,1.21781,1.21791,91,8,0
994,1673323080,1.21791,1.218,1.21781,1.21797,57,8,0
995,1673323140,1.21797,1.21807,1.2178499999999999,1.21796,48,8,0
996,1673323200,1.21796,1.21796,1.21776,1.21778,49,8,0
997,1673323260,1.21778,1.21778,1.21745,1.21746,61,8,0
998,1673323320,1.21746,1.21772,1.21746,1.21766,49,8,0
999,1673323380,1.21757,1.21767,1.21757,1.21765,12,8,0
